{
  "Offline": {
    "MAE": {
      "Overall": 4.947238485705614,
      "Female": 5.253857178962362,
      "Male": 4.575583118397608,
      "Other": 3.8075745701789856,
      "SkinType1": 4.712663218892854,
      "SkinType2": 4.494545411605102,
      "SkinType3": 4.757895366160455,
      "SkinType4": 4.827981958505113,
      "SkinType5": 5.272260744860218,
      "SkinType6": 5.60854490946948,
      "Bright": 4.756821038145008,
      "Dark": 5.266849242374098
    }
  },
  "Online": {
    "tMAE": {
      "Overall": 5.156563644696996,
      "Female": 5.519800410807643,
      "Male": 4.713606083387591,
      "Other": 4.02362591445446,
      "SkinType1": 4.965957563170072,
      "SkinType2": 4.692002663784302,
      "SkinType3": 4.937220426976324,
      "SkinType4": 5.001590767794775,
      "SkinType5": 5.517562789957489,
      "SkinType6": 5.845009196227159,
      "Bright": 4.955468452477352,
      "Dark": 5.494096719376289
    },
    "tSTD": {
      "Overall": 1.511326551010613,
      "Female": 1.737831360219103,
      "Male": 1.2278126218321646,
      "Other": 1.397310035768814,
      "SkinType1": 1.5325003714947956,
      "SkinType2": 1.3965089356103695,
      "SkinType3": 1.41641174443809,
      "SkinType4": 1.3710212007399798,
      "SkinType5": 1.6710677761984485,
      "SkinType6": 1.6997696210604638,
      "Bright": 1.4444785319446187,
      "Dark": 1.6235292206145704
    }
  }
}